score_column,count,mean,median,std,min,max
alignment_score,1017,0.3800442539564089,0.3837012496337378,0.08167648320811381,0.050142028326557696,0.7121867713677479
